<?xml version="1.0" encoding="UTF-8"?>
<!DOCTYPE mapper PUBLIC "-//mybatis.org//DTD Mapper 3.0//EN" "http://mybatis.org/dtd/mybatis-3-mapper.dtd">
<!-- <mapper namespace="com.chen.dao.StudentMapper"> -->
<mapper namespace="com.chen.mapper.Car_CarInfoMapper">
  <!-- 开启redis 缓存 -->
  <!--<cache />-->

  <resultMap type="com.chen.model.Car_CarInfo" id="Car_CarInfoResult">
    <id property="id" column="id"/>
    <result property="user_id" column="user_id"  jdbcType="INTEGER"/>
    <result property="name" column="name"  jdbcType="VARCHAR"/>
    <result property="brand" column="brand"  jdbcType="VARCHAR"/>
    <result property="audi" column="audi"  jdbcType="VARCHAR"/>
    <result property="price" column="price"  jdbcType="VARCHAR"/>
    <result property="cost_price" column="cost_price"  jdbcType="VARCHAR"/>
    <result property="mileage" column="mileage"  jdbcType="VARCHAR"/>
    <result property="buy_date" column="buy_date"  jdbcType="VARCHAR"/>
    <result property="photo" column="photo"  jdbcType="VARCHAR"/>
  </resultMap>

  <sql id="Base_Column_List" >
    id,user_id,name,brand,audi,price,cost_price,mileage,buy_date,photo
  </sql>

  <!-- 查询全部车辆信息 -->
  <select id="queryAll" resultMap="Car_CarInfoResult">
    SELECT <include refid="Base_Column_List"/> from car_carinfo limit 0,30
  </select>


    <!-- 查询全部车辆信息 -->
    <select id="queryByObject" resultMap="Car_CarInfoResult">
        SELECT <include refid="Base_Column_List"/> from car_carinfo

        where 1=1
        <!-- 用户ID条件 -->
        <if test="user_id != 0">
            <![CDATA[
	              AND user_id like concat(concat('%',#{user_id}),'%')
	            ]]>
        </if>
        <!-- 汽车名称条件 -->
        <if test="name != null and '' !=name">
            <![CDATA[
	              AND name like concat(concat('%',#{name}),'%')
	            ]]>
        </if>
        <!-- 品牌条件 -->
        <if test="brand != null and '' != brand">
            <![CDATA[
	              AND brand  like concat(concat('%',#{brand}),'%')
	            ]]>
        </if>
        <!-- 车系条件 -->
        <if test="audi != null and '' != audi">
            <![CDATA[
	              AND audi like concat(concat('%',#{audi}),'%')
	            ]]>
        </if>
        limit 0,30
    </select>




</mapper>