<?xml version="1.0" encoding="UTF-8" ?>
<!DOCTYPE mapper PUBLIC "-//mybatis.org//DTD Mapper 3.0//EN" "http://mybatis.org/dtd/mybatis-3-mapper.dtd" >
<mapper namespace="com.chen.mapper.UserMapper" >


  <resultMap id="BaseResultMap" type="com.chen.model.User" >
    <id column="id" property="id" jdbcType="INTEGER" />
    <result column="name" property="name" jdbcType="VARCHAR" />
    <result column="age" property="age" jdbcType="INTEGER" />
    <result column="adress" property="adress" jdbcType="VARCHAR" />
    <result column="email" property="email" jdbcType="VARCHAR" />
    <result column="create_time" property="createTime" jdbcType="TIMESTAMP" />
    <result column="status" property="status" jdbcType="INTEGER" />
  </resultMap>

  <sql id="Base_Column_List" >
    id, name, age, adress, email, create_time, status
  </sql>

  <select id="selectByPrimaryKey" resultMap="BaseResultMap" parameterType="java.lang.Integer" >
    select
    <include refid="Base_Column_List" />
    from tb_user
    where id = #{id,jdbcType=INTEGER}
  </select>

  <delete id="deleteByPrimaryKey" parameterType="java.lang.Integer" >
    delete from tb_user
    where id = #{id,jdbcType=INTEGER}
  </delete>

  <insert id="insert" parameterType="com.chen.model.User" >
    insert into tb_user (id, name, age,
    adress, email, create_time,
    status)
    values (#{id,jdbcType=INTEGER}, #{name,jdbcType=VARCHAR}, #{age,jdbcType=INTEGER},
    #{adress,jdbcType=VARCHAR}, #{email,jdbcType=VARCHAR}, #{createTime,jdbcType=TIMESTAMP},
    #{status,jdbcType=INTEGER})
  </insert>

  <insert id="insertSelective" parameterType="com.chen.model.User" >
    insert into tb_user
    <trim prefix="(" suffix=")" suffixOverrides="," >
      <if test="id != null" >
        id,
      </if>
      <if test="name != null" >
        name,
      </if>
      <if test="age != null" >
        age,
      </if>
      <if test="adress != null" >
        adress,
      </if>
      <if test="email != null" >
        email,
      </if>
      <if test="createTime != null" >
        create_time,
      </if>
      <if test="status != null" >
        status,
      </if>
    </trim>
    <trim prefix="values (" suffix=")" suffixOverrides="," >
      <if test="id != null" >
        #{id,jdbcType=INTEGER},
      </if>
      <if test="name != null" >
        #{name,jdbcType=VARCHAR},
      </if>
      <if test="age != null" >
        #{age,jdbcType=INTEGER},
      </if>
      <if test="adress != null" >
        #{adress,jdbcType=VARCHAR},
      </if>
      <if test="email != null" >
        #{email,jdbcType=VARCHAR},
      </if>
      <if test="createTime != null" >
        #{createTime,jdbcType=TIMESTAMP},
      </if>
      <if test="status != null" >
        #{status,jdbcType=INTEGER},
      </if>
    </trim>
  </insert>

  <update id="updateByPrimaryKeySelective" parameterType="com.chen.model.User" >
    update tb_user
    <set >
      <if test="name != null" >
        name = #{name,jdbcType=VARCHAR},
      </if>
      <if test="age != null" >
        age = #{age,jdbcType=INTEGER},
      </if>
      <if test="adress != null" >
        adress = #{adress,jdbcType=VARCHAR},
      </if>
      <if test="email != null" >
        email = #{email,jdbcType=VARCHAR},
      </if>
      <if test="createTime != null" >
        create_time = #{createTime,jdbcType=TIMESTAMP},
      </if>
      <if test="status != null" >
        status = #{status,jdbcType=INTEGER},
      </if>
    </set>
    where id = #{id,jdbcType=INTEGER}
  </update>

  <update id="updateByPrimaryKey" parameterType="com.chen.model.User" >
    update tb_user
    set name = #{name,jdbcType=VARCHAR},
    age = #{age,jdbcType=INTEGER},
    adress = #{adress,jdbcType=VARCHAR},
    email = #{email,jdbcType=VARCHAR},
    create_time = #{createTime,jdbcType=TIMESTAMP},
    status = #{status,jdbcType=INTEGER}
    where id = #{id,jdbcType=INTEGER}
  </update>

  <select id="queryUser" resultMap="BaseResultMap">
    SELECT <include refid="Base_Column_List"/> from tb_user
  </select>

</mapper>